Workbook

Sheet Summary
A1: AAIS Technical Review — Tracker Summary
A2: Live counts driven by the other sheets. Update Status columns there; this page recalculates.
A4: Issues by severity | B4: Count | C4: Open | D4: Done
A5: Critical | B5: =COUNTIF('Issues Register'!$D$5:$D$26,"Critical*") -> 3 | C5: =COUNTIFS('Issues Register'!$D$5:$D$26,"Critical*",'Issues Register'!$L$5:$L$26,"Open") -> 3 | D5: =COUNTIFS('Issues Register'!$D$5:$D$26,"Critical*",'Issues Register'!$L$5:$L$26,"Done") -> 0
A6: High* | B6: =COUNTIF('Issues Register'!$D$5:$D$26,"High*") -> 5 | C6: =COUNTIFS('Issues Register'!$D$5:$D$26,"High*",'Issues Register'!$L$5:$L$26,"Open") -> 5 | D6: =COUNTIFS('Issues Register'!$D$5:$D$26,"High*",'Issues Register'!$L$5:$L$26,"Done") -> 0
A7: Medium* | B7: =COUNTIF('Issues Register'!$D$5:$D$26,"Medium*") -> 10 | C7: =COUNTIFS('Issues Register'!$D$5:$D$26,"Medium*",'Issues Register'!$L$5:$L$26,"Open") -> 10 | D7: =COUNTIFS('Issues Register'!$D$5:$D$26,"Medium*",'Issues Register'!$L$5:$L$26,"Done") -> 0
A8: Low* | B8: =COUNTIF('Issues Register'!$D$5:$D$26,"Low*") -> 4 | C8: =COUNTIFS('Issues Register'!$D$5:$D$26,"Low*",'Issues Register'!$L$5:$L$26,"Open") -> 4 | D8: =COUNTIFS('Issues Register'!$D$5:$D$26,"Low*",'Issues Register'!$L$5:$L$26,"Done") -> 0
A9: Total issues | B9: =COUNTA('Issues Register'!$A$5:$A$26) -> 22 | C9: =COUNTIF('Issues Register'!$L$5:$L$26,"Open") -> 22 | D9: =COUNTIF('Issues Register'!$L$5:$L$26,"Done") -> 0
A11: Backlog by priority | B11: Tickets | C11: Open | D11: Done
A12: P0 | B12: =COUNTIF('Backlog Tickets'!$E$5:$E$26,"*P0*") -> 7 | C12: =COUNTIFS('Backlog Tickets'!$E$5:$E$26,"*P0*",'Backlog Tickets'!$J$5:$J$26,"Open") -> 7 | D12: =COUNTIFS('Backlog Tickets'!$E$5:$E$26,"*P0*",'Backlog Tickets'!$J$5:$J$26,"Done") -> 0
A13: P1 | B13: =COUNTIF('Backlog Tickets'!$E$5:$E$26,"*P1*") -> 7 | C13: =COUNTIFS('Backlog Tickets'!$E$5:$E$26,"*P1*",'Backlog Tickets'!$J$5:$J$26,"Open") -> 7 | D13: =COUNTIFS('Backlog Tickets'!$E$5:$E$26,"*P1*",'Backlog Tickets'!$J$5:$J$26,"Done") -> 0
A14: P2 | B14: =COUNTIF('Backlog Tickets'!$E$5:$E$26,"*P2*") -> 8 | C14: =COUNTIFS('Backlog Tickets'!$E$5:$E$26,"*P2*",'Backlog Tickets'!$J$5:$J$26,"Open") -> 8 | D14: =COUNTIFS('Backlog Tickets'!$E$5:$E$26,"*P2*",'Backlog Tickets'!$J$5:$J$26,"Done") -> 0
A15: P3 | B15: =COUNTIF('Backlog Tickets'!$E$5:$E$26,"*P3*") -> 3 | C15: =COUNTIFS('Backlog Tickets'!$E$5:$E$26,"*P3*",'Backlog Tickets'!$J$5:$J$26,"Open") -> 3 | D15: =COUNTIFS('Backlog Tickets'!$E$5:$E$26,"*P3*",'Backlog Tickets'!$J$5:$J$26,"Done") -> 0
A17: Readiness checklist | B17: Items | C17: TODO | D17: Done
A18: All categories | B18: =COUNTA('Readiness Checklist'!$B$5:$B$33) -> 29 | C18: =COUNTIF('Readiness Checklist'!$E$5:$E$33,"TODO") -> 29 | D18: =COUNTIF('Readiness Checklist'!$E$5:$E$33,"Done") -> 0
A21: Top 3 actions this week
A22: 1. Rotate every key in 'All API Keys.docx', then delete it (T-01).
A23: 2. Disable Bobie/Phoebe demo logins in production (T-02).
A24: 3. Push the repository to a private GitHub with protected main (T-03).

Sheet Issues Register
A1: AAIS Issues Register (ranked by severity, then urgency)
A2: AAIS Technical Review — July 8, 2026 · companion to AAIS-Technical-Review-Report.docx
A4: ID | B4: Issue | C4: Area | D4: Severity | E4: Evidence / symptom | F4: Why it matters | G4: Risk if ignored | H4: Recommended fix | I4: Effort | J4: Suggested owner | K4: Priority (3-mo) | L4: Status
A5: ISS-01 | B5: Hardcoded demo accounts active in production (Bobie/Phoebe, password 12345) | C5: Security / Auth | D5: Critical | E5: src/lib/server/aais-trial-accounts.ts lines 45–58 define built-in accounts with password '12345'; mergeConfiguredAccountsWithBuiltInLearners() always prepends them to configured production accounts. Login confirmed working on www.aais.site. | F5: These credentials are effectively public (shared in docs/conversations). Anyone can enter the platform as a student. | G5: Strangers write junk learner data, consume paid AI tokens, and any future real-student data is exposed; reputational damage with pilot schools. | H5: Gate built-in accounts to non-production builds; rotate every configured trial password to strong generated values; redeploy; verify old login fails. | I5: S | J5: Junior dev | K5: Week 1 | L5: Open
A6: ISS-02 | B6: No git remote — source code exists only on one laptop; CI never runs | C6: DevOps / Workflow | D6: Critical | E6: `git remote -v` is empty; single branch codex/aais-enterprise-standard; .github/workflows/ci.yml triggers on main/PRs, which do not exist. | F6: The production site's source has no backup and no review/quality gate. | G6: Laptop loss, failure, or theft permanently destroys source history; deploys remain unauditable. | H6: Create private GitHub repo; push full history; protect main; connect Vercel Git integration; verify CI green on a test PR. | I6: S | J6: Junior dev | K6: Week 1 | L6: Open
A7: ISS-03 | B7: Plaintext credentials file 'All API Keys.docx' in the project folder | C7: Security / Secrets | D7: Critical | E7: 16KB docx at repo root containing sk-style keys and passwords (DeepSeek, SimpleTex, Mathpix, Resend, more). agents.md explicitly sanctions the file for AI-assisted work. | F7: A single sync, backup, screen-share, or tool upload leaks every provider credential at once. | G7: Provider abuse billed to the owner; account takeovers; forced emergency rotation later under worse conditions. | H7: Move all secrets to a password manager; rotate every key present in the file at each provider; delete the file; update agents.md guidance. | I7: S | J7: Product owner + junior | K7: Week 1 | L7: Open
A8: ISS-04 | B8: Learner state stored as one JSONB blob per student; concurrent writes lose data | C8: Data model | D8: High | E8: Table aais_learner_sessions(student_id PK, payload jsonb); every action does read-modify-write of the whole blob (aais-learning-store.ts writeSession); no version check or locking; events array grows without bound. | F8: Autosave + AI chat + a second tab run concurrently in normal use; last write wins over the entire learner history. | G8: Silent loss of student work and evidence events; rows grow to MBs; analytics and exports degrade then fail. | H8: Interim (Weeks 3–4): version column + compare-and-swap with retry. Month 2: move events to append-only aais_events table + slim learner_task_state snapshot; backfill; dual-read one release. | I8: M | J8: Senior (design) + junior (impl) | K8: Weeks 2–6 | L8: Open
A9: ISS-05 | B9: No staging environment; no schema migration tooling | C9: DevOps / Data | D9: High | E9: Only production in .vercel/project.json; CREATE TABLE IF NOT EXISTS executed at runtime; restore rehearsal is a manual runbook procedure. | F9: Every schema or code change is first tested on live users; restores are untested under pressure. | G9: A bad deploy or migration corrupts production data with no rehearsed recovery. | H9: Vercel preview env + seeded Neon branch as staging; adopt node-pg-migrate (or equal); migration 001 formalizes existing tables; delete runtime DDL. | I9: M | J9: Junior dev (senior review) | K9: Weeks 2–4 | L9: Open
A10: ISS-06 | B10: Public /api/system/readiness endpoint discloses internals | C10: Security / API | D10: Medium | E10: Live fetch on 2026-07-08 returned release id, deployment git SHA, storage provider, trial account count, LRS outbox metrics, AI timeout/token config, and admin endpoint paths — no auth required. | F10: Hands an attacker a map of the system; combined with ISS-01 it is a guided tour. | G10: Easier targeted attacks; information leakage grows as the report grows. | H10: Public GET returns bare {status}; full report requires admin session or bearer token. | I10: S | J10: Junior dev | K10: Weeks 1–2 | L10: Open
A11: ISS-07 | B11: Login rate limiting is in-memory — ineffective on serverless | C11: Security / Auth | D11: Medium | E11: aais-auth-rate-limit.ts keeps a Map in module scope; Vercel serverless instances neither share memory nor persist between invocations. | F11: The documented '5 failures = 15-min lock' protection does not actually hold in production. | G11: Practical brute-force/credential-stuffing against static passwords (worsened by ISS-01/ISS-08). | H11: Move counters to Postgres or Upstash Redis keyed by account+IP; optionally add platform WAF rate rules. | I11: S–M | J11: Junior dev | K11: Month 2 | L11: Open
A12: ISS-08 | B12: No real user model (no registration, invites, password reset, user table) | C12: Product / Auth | D12: High | E12: Accounts exist only in AAIS_TRIAL_ACCOUNTS_JSON env var; changing a password requires a redeploy; teachers/admins use static credentials; OIDC exists in code but is unconfigured (live readiness: oidc.mode=missing). | F12: Cannot onboard a real class; no self-service recovery; admin/teacher compromise is likely and unauditable per person. | G12: The product cannot leave demo stage; every user operation becomes a developer task. | H12: users table + invite-based registration + password reset via Resend (key already owned); individual staff accounts; keep OIDC optional for institutions. | I12: L | J12: Senior + junior | K12: Month 2 | L12: Open
A13: ISS-09 | B13: Frontend monolith: learning-page.tsx is 2,269 lines with 21 useState hooks | C13: Code quality | D13: High | E13: Single client component contains chat, editor, task list, attachments, autosave, export, and navigation; 4 fetch call sites; no extracted API client. | F13: No new developer can safely change one feature; component-level testing is impossible. | G13: Every UI change risks regressions across all flows; velocity collapses as features are added. | H13: Extract a typed API client; split into ~6 feature components + custom hooks; incremental, behavior-preserving, protected by E2E tests. | I13: M | J13: Junior dev (senior review) | K13: Month 2 | L13: Open
A14: ISS-10 | B14: Release-evidence machinery outweighs the product and fails its own gate | C14: Codebase / Process | D14: Medium | E14: 22 scripts in scripts/, ~20 test files for them, 64KB README of ceremony commands; output/aais-enterprise-release-check-latest.json (2026-07-01) shows status=failed on all 5 steps while production ships anyway. | F14: Maintenance drag and false confidence; the ceremony is treated as optional, so it protects nothing while consuming attention. | G14: New engineers are intimidated/misled; real quality signals stay buried; CI time wasted. | H14: Archive to tools/release-legacy (kept in git history); keep one smoke:prod script + a one-page release checklist. | I14: S | J14: Junior dev | K14: Weeks 3–4 | L14: Open
A15: ISS-11 | B15: LangGraph claimed but never used; misleading runtime labels | C15: Codebase / Honesty | D15: Low–Medium | E15: @langchain/langgraph in dependencies with zero imports anywhere in src; orchestration is Promise.all; API responses report engine 'aais-langgraph-runtime' and runtime 'langgraph'. | F15: Misleads future engineers, stakeholders, and any technical due-diligence. | G15: Wasted debugging of a framework that isn't there; credibility damage when discovered externally. | H15: Remove the dependency; rename labels to something honest (e.g., aais-orchestrator-v1); or actually adopt LangGraph when a real graph exists. | I15: S | J15: Junior dev | K15: Weeks 3–4 | L15: Open
... A26: ISS-22 | B26: Raw internal error messages returned to API clients | C26: API design | D26: Low | E26: Most routes return error.message verbatim (e.g., 'Task X is locked', storage errors). | F26: Leaks internals; inconsistent, untranslated user-facing copy. | G26: Minor information disclosure; confusing UX. | H26: Stable {error:{code,message}} contract; map internals to safe messages; log details server-side. | I26: S | J26: Junior dev | K26: Month 2 | L26: Open

Sheet Backlog Tickets
A1: AAIS Engineering Backlog — next 3 months (P0=Wk1–2, P1=Wk3–4, P2=Month 2, P3=Month 3)
A2: AAIS Technical Review — July 8, 2026 · companion to AAIS-Technical-Review-Report.docx
A4: Ticket | B4: Title | C4: Description | D4: Acceptance criteria | E4: Priority | F4: Effort | G4: Suggested owner | H4: Roadmap phase | I4: Linked issue(s) | J4: Status
A5: T-01 | B5: Rotate and re-home all credentials | C5: Rotate every key/password in 'All API Keys.docx' at each provider; store in a password manager; delete the file; amend agents.md. | D5: Old keys revoked and fail; file gone from disk; password-manager entries exist; no plaintext secrets in the folder besides documented .env.local. | E5: P0 | F5: S | G5: Owner + junior | H5: Weeks 1–2 | I5: ISS-03 | J5: Open
A6: T-02 | B6: Disable built-in demo accounts in production | C6: Gate builtInLearnerTrialAccounts to non-production; rotate all configured trial passwords. | D6: Bobie/12345 returns 401 on www.aais.site; dev login still works locally; unit test asserts production exclusion. | E6: P0 | F6: S | G6: Junior dev | H6: Weeks 1–2 | I6: ISS-01 | J6: Open
A7: T-03 | B7: Push repo to GitHub with protected main + working CI | C7: Private repo, full history, main as protected default branch, Vercel Git integration. | D7: CI green on a test PR; merge to main triggers Vercel deploy; direct CLI prod deploys stopped and documented. | E7: P0 | F7: S | G7: Junior dev | H7: Weeks 1–2 | I7: ISS-02 | J7: Open
A8: T-04 | B8: Minimal-disclosure readiness endpoint | C8: Public GET returns {status} only; full report requires admin session or bearer token. | D8: Anonymous fetch shows no release id/SHA/config; authorized fetch unchanged; tests cover both paths. | E8: P0 | F8: S | G8: Junior dev | H8: Weeks 1–2 | I8: ISS-06 | J8: Open
A9: T-05 | B9: Error tracking + uptime + cron alerts | C9: Sentry for client and server with release tags; uptime monitor on /login; alert on cron flush failure. | D9: Test error visible in Sentry; downtime and cron failure each trigger a notification to a human. | E9: P0 | F9: S | G9: Junior dev | H9: Weeks 1–2 | I9: ISS-13 | J9: Open
A10: T-06 | B10: Staging environment + documented env vars | C10: Vercel preview environment + seeded Neon branch; .env.example covering local/staging/prod. | D10: Staging URL loads with seed data; deploy-to-staging documented; prod secrets not reused where separable. | E10: P0/P1 | F10: M | G10: Junior dev | H10: Weeks 1–4 | I10: ISS-05 | J10: Open
A11: T-07 | B11: Verify backups and rehearse restore | C11: Confirm Neon plan PITR/snapshot capability in writing; take snapshot; restore to a branch; document in OPERATIONS.md. | D11: Written restore procedure with actual timings; snapshot schedule decided and enabled. | E11: P0 | F11: S | G11: Junior + owner | H11: Weeks 1–2 | I11: ISS-05 | J11: Open
A12: T-08 | B12: Optimistic locking on learner-session writes | C12: Add version column; compare-and-swap update; single retry with merge-or-fail semantics. | D12: Parallel-write race test (two simultaneous saves) loses no data; conflict metric logged. | E12: P1 | F12: M | G12: Senior + junior | H12: Weeks 3–4 | I12: ISS-04 | J12: Open
A13: T-09 | B13: Migration framework + baseline migration | C13: Adopt node-pg-migrate (or equivalent); migration 001 formalizes the two existing tables; remove runtime CREATE TABLE. | D13: A fresh database is built solely by migrations; CI runs migrations against a temp DB; runtime DDL deleted. | E13: P1 | F13: S | G13: Junior dev | H13: Weeks 3–4 | I13: ISS-05 | J13: Open
A14: T-10 | B14: Archive release-evidence pipeline | C14: Move the 22 release/verify scripts and their tests to tools/release-legacy; keep one smoke:prod script (readiness + login + one learning write). | D14: npm run ci time drops; test suite covers product + smoke only; README no longer references archived commands; one-page release checklist exists. | E14: P1 | F14: S | G14: Junior dev | H14: Weeks 3–4 | I14: ISS-10 | J14: Open
A15: T-11 | B15: Remove LangGraph dependency and misleading labels | C15: Drop @langchain/langgraph; rename engine/runtime strings (e.g., aais-orchestrator-v1). | D15: Dependency gone from package.json; no source or API response mentions langgraph; tests updated. | E15: P1 | F15: S | G15: Junior dev | H15: Weeks 3–4 | I15: ISS-11 | J15: Open
... A26: T-22 | B26: AI experience quality pass | C26: Raise max tokens (~600); add 1 retry; true token streaming or staged honest progress; visible fallback labeling; per-student daily token budget. | D26: p50 first token under 3s on staging; fallback clearly labeled in UI; per-student daily cost capped and logged. | E26: P3 | F26: M | G26: Senior engineer | H26: Month 3 | I26: ISS-12, ISS-21 | J26: Open

Sheet 3-Month Roadmap
A1: AAIS 3-Month Technical Recovery Roadmap
A2: AAIS Technical Review — July 8, 2026 · companion to AAIS-Technical-Review-Report.docx
A4: Phase | B4: Timeframe | C4: Goal | D4: Key deliverables | E4: Related tickets | F4: Exit criteria
A5: 1. Stabilization & risk reduction | B5: Weeks 1–2 | C5: No anonymous access, no single point of loss, secrets contained, eyes on production | D5: Keys rotated + docx deleted; demo accounts off in prod; GitHub repo + protected main + green CI; readiness endpoint locked down; Sentry + uptime + cron alerts; Neon backup verified + snapshot; staging environment created | E5: T-01…T-07 | F5: Demo login fails in prod; repo on GitHub with green CI; keys rotated; error dashboard live; staging URL exists
A6: 2. Architecture cleanup & documentation | B6: Weeks 3–4 | C6: Make the system safely changeable | D6: Release pipeline archived + one smoke script; LangGraph dep/labels removed; docs set rewritten (README/ARCHITECTURE/OPERATIONS/CONTRIBUTING); migration framework + baseline migration; optimistic locking on writes; first 2 Playwright specs in CI | E6: T-08…T-13 | F6: New engineer sets up from docs alone; schema changes only via migrations; concurrent-write loss fixed at interim level
A7: 3. Core refactoring & feature foundation | B7: Month 2 | C7: Real accounts and a data layer that supports the product | D7: Data model v2 (users, events, task state) + backfill; invite registration + password reset; individual staff accounts; frontend decomposition; durable rate limiting; API error contract; full E2E suite | E7: T-13…T-19 | F7: Users invitable with self-service reset; events in SQL with aggregates; learning page componentized; E2E on every PR
A8: 4. Hardening & controlled expansion | B8: Month 3 | C8: Pilot-ready: honest AI, explainable recommendations, privacy answered | D8: Learner profiles + rule-based recommendations with teacher override; AI quality pass (tokens/retry/streaming/fallback labels/budgets); privacy baseline (inventory, retention, export/delete, consent, DPAs); accessibility + mobile pass; nonce CSP; load sanity test; controlled pilot with one class | E8: T-20…T-22 + checklist | F8: Pilot ran with no data loss or unauthorized access; recommendations explainable; privacy questions answerable in writing

Sheet Readiness Checklist
A1: Minimum Production-Readiness Checklist (safe to invite one real class)
A2: AAIS Technical Review — July 8, 2026 · companion to AAIS-Technical-Review-Report.docx
A4: Category | B4: Item | C4: Required before | D4: Owner | E4: Status
A5: Security | B5: Built-in demo credentials disabled in production (verified by failed login) | C5: Week 2 | D5: Junior dev | E5: TODO
A6: Security | B6: All API keys/passwords rotated after removing 'All API Keys.docx'; secrets only in Vercel env + password manager | C6: Week 2 | D6: Owner | E6: TODO
A7: Security | B7: Individual accounts for every human (no shared teacher/admin credentials) | C7: Pilot | D7: Junior dev | E7: TODO
A8: Security | B8: Durable login rate limiting verified across serverless instances | C8: Pilot | D8: Junior dev | E8: TODO
A9: Security | B9: Readiness/diagnostics endpoints require auth beyond bare status | C9: Week 2 | D9: Junior dev | E9: TODO
A10: Security | B10: Dependency audit (npm audit / Dependabot) clean of critical vulnerabilities in CI | C10: Month 2 | D10: Junior dev | E10: TODO
A11: Data | B11: Migration tool in place; zero runtime DDL | C11: Month 2 | D11: Junior dev | E11: TODO
A12: Data | B12: Concurrent-write safety proven by a test (two parallel saves, nothing lost) | C12: Month 2 | D12: Senior | E12: TODO
A13: Data | B13: Nightly snapshot or PITR confirmed on the Neon plan in writing | C13: Week 2 | D13: Owner | E13: TODO
A14: Data | B14: Restore rehearsed end-to-end quarterly (documented, under 1 hour) | C14: Pilot | D14: Junior dev | E14: TODO
A15: Data | B15: Per-user data export and deletion implemented and tested | C15: Pilot | D15: Senior | E15: TODO
... A33: UX | B33: Stated mobile policy (supported, or a graceful larger-screen message) | C33: Pilot | D33: Owner | E33: TODO
